,SeriesInstanceUID,SOPInstanceUID,dicom_filename,relative_index,Modality,valid_img
835,1.2.826.0.1.3680043.8.498.10012790035410518400400834395242853657,1.2.826.0.1.3680043.8.498.75206494637570575939256404615022232157,/kaggle/input/rsna-intracranial-aneurysm-detection/series/1.2.826.0.1.3680043.8.498.10012790035410518400400834395242853657/1.2.826.0.1.3680043.8.498.75206494637570575939256404615022232157.dcm,0,MRA,0
3436,1.2.826.0.1.3680043.8.498.10030804647049037739144303822498146901,1.2.826.0.1.3680043.8.498.12788534311541061134282993296707574954,/kaggle/input/rsna-intracranial-aneurysm-detection/series/1.2.826.0.1.3680043.8.498.10030804647049037739144303822498146901/1.2.826.0.1.3680043.8.498.12788534311541061134282993296707574954.dcm,0,MRI T2,0
3748,1.2.826.0.1.3680043.8.498.10035782880104673269567641444954004745,1.2.826.0.1.3680043.8.498.12512789258062887712849260043950985853,/kaggle/input/rsna-intracranial-aneurysm-detection/series/1.2.826.0.1.3680043.8.498.10035782880104673269567641444954004745/1.2.826.0.1.3680043.8.498.12512789258062887712849260043950985853.dcm,0,MRA,0
7989,1.2.826.0.1.3680043.8.498.10100852389239445465234081623205886374,1.2.826.0.1.3680043.8.498.31251320957940292666601357417618570765,/kaggle/input/rsna-intracranial-aneurysm-detection/series/1.2.826.0.1.3680043.8.498.10100852389239445465234081623205886374/1.2.826.0.1.3680043.8.498.31251320957940292666601357417618570765.dcm,0,MRA,0
8843,1.2.826.0.1.3680043.8.498.10122841756457641138155875644216826804,1.2.826.0.1.3680043.8.498.18155697113448637526398174722597847630,/kaggle/input/rsna-intracranial-aneurysm-detection/series/1.2.826.0.1.3680043.8.498.10122841756457641138155875644216826804/1.2.826.0.1.3680043.8.498.18155697113448637526398174722597847630.dcm,0,MRA,0
20226,1.2.826.0.1.3680043.8.498.10285119968097817399344803016457362094,1.2.826.0.1.3680043.8.498.22544071544446832704789497381308028155,/kaggle/input/rsna-intracranial-aneurysm-detection/series/1.2.826.0.1.3680043.8.498.10285119968097817399344803016457362094/1.2.826.0.1.3680043.8.498.22544071544446832704789497381308028155.dcm,0,MRI T2,0
22222,1.2.826.0.1.3680043.8.498.10288848585792562273752173975279351795,1.2.826.0.1.3680043.8.498.97717194770137841870447109473389516551,/kaggle/input/rsna-intracranial-aneurysm-detection/series/1.2.826.0.1.3680043.8.498.10288848585792562273752173975279351795/1.2.826.0.1.3680043.8.498.97717194770137841870447109473389516551.dcm,0,MRI T2,0
23212,1.2.826.0.1.3680043.8.498.10295200313126835131399504864775077617,1.2.826.0.1.3680043.8.498.39362895196489153972803302187861947227,/kaggle/input/rsna-intracranial-aneurysm-detection/series/1.2.826.0.1.3680043.8.498.10295200313126835131399504864775077617/1.2.826.0.1.3680043.8.498.39362895196489153972803302187861947227.dcm,0,MRA,0
26120,1.2.826.0.1.3680043.8.498.10321124251721840561399966542873518734,1.2.826.0.1.3680043.8.498.12452988899165564634505999784110423954,/kaggle/input/rsna-intracranial-aneurysm-detection/series/1.2.826.0.1.3680043.8.498.10321124251721840561399966542873518734/1.2.826.0.1.3680043.8.498.12452988899165564634505999784110423954.dcm,0,MRA,0
27209,1.2.826.0.1.3680043.8.498.10337340834925241563571050156541599503,1.2.826.0.1.3680043.8.498.13351587774877220000303608062796730474,/kaggle/input/rsna-intracranial-aneurysm-detection/series/1.2.826.0.1.3680043.8.498.10337340834925241563571050156541599503/1.2.826.0.1.3680043.8.498.13351587774877220000303608062796730474.dcm,0,MRA,0
36896,1.2.826.0.1.3680043.8.498.10447731173815381874118731933393396967,1.2.826.0.1.3680043.8.498.95938242633281693032592737896927292315,/kaggle/input/rsna-intracranial-aneurysm-detection/series/1.2.826.0.1.3680043.8.498.10447731173815381874118731933393396967/1.2.826.0.1.3680043.8.498.95938242633281693032592737896927292315.dcm,0,MRA,0
43671,1.2.826.0.1.3680043.8.498.10492161532564973190997856536193224671,1.2.826.0.1.3680043.8.498.95252209598523868053307194688230394582,/kaggle/input/rsna-intracranial-aneurysm-detection/series/1.2.826.0.1.3680043.8.498.10492161532564973190997856536193224671/1.2.826.0.1.3680043.8.498.95252209598523868053307194688230394582.dcm,0,MRA,0
43672,1.2.826.0.1.3680043.8.498.10492233221275335453833893741963970234,1.2.826.0.1.3680043.8.498.78215508299726232566764219876125995279,/kaggle/input/rsna-intracranial-aneurysm-detection/series/1.2.826.0.1.3680043.8.498.10492233221275335453833893741963970234/1.2.826.0.1.3680043.8.498.78215508299726232566764219876125995279.dcm,0,MRI T2,0
45812,1.2.826.0.1.3680043.8.498.10522133031479038645950456271346184733,1.2.826.0.1.3680043.8.498.77749573827570198976456744425229883127,/kaggle/input/rsna-intracranial-aneurysm-detection/series/1.2.826.0.1.3680043.8.498.10522133031479038645950456271346184733/1.2.826.0.1.3680043.8.498.77749573827570198976456744425229883127.dcm,0,MRI T2,0
46171,1.2.826.0.1.3680043.8.498.10532679146230766671762490783584887350,1.2.826.0.1.3680043.8.498.10276093795174773787922395326107920607,/kaggle/input/rsna-intracranial-aneurysm-detection/series/1.2.826.0.1.3680043.8.498.10532679146230766671762490783584887350/1.2.826.0.1.3680043.8.498.10276093795174773787922395326107920607.dcm,0,MRA,0
47141,1.2.826.0.1.3680043.8.498.10549548497632907417717890040186810599,1.2.826.0.1.3680043.8.498.90957518237181571918288618756075132228,/kaggle/input/rsna-intracranial-aneurysm-detection/series/1.2.826.0.1.3680043.8.498.10549548497632907417717890040186810599/1.2.826.0.1.3680043.8.498.90957518237181571918288618756075132228.dcm,0,MRI T2,0
53421,1.2.826.0.1.3680043.8.498.10618752182981309163840057940806925305,1.2.826.0.1.3680043.8.498.10665853855746359070265541252480337151,/kaggle/input/rsna-intracranial-aneurysm-detection/series/1.2.826.0.1.3680043.8.498.10618752182981309163840057940806925305/1.2.826.0.1.3680043.8.498.10665853855746359070265541252480337151.dcm,0,MRA,0
58974,1.2.826.0.1.3680043.8.498.10697713880859176835787631291643061837,1.2.826.0.1.3680043.8.498.21851783663222077243223871455778148379,/kaggle/input/rsna-intracranial-aneurysm-detection/series/1.2.826.0.1.3680043.8.498.10697713880859176835787631291643061837/1.2.826.0.1.3680043.8.498.21851783663222077243223871455778148379.dcm,0,MRA,0
59300,1.2.826.0.1.3680043.8.498.10702463374391833749878513077848977550,1.2.826.0.1.3680043.8.498.90605290098092023596551448456245375515,/kaggle/input/rsna-intracranial-aneurysm-detection/series/1.2.826.0.1.3680043.8.498.10702463374391833749878513077848977550/1.2.826.0.1.3680043.8.498.90605290098092023596551448456245375515.dcm,0,MRA,0
72038,1.2.826.0.1.3680043.8.498.10855815156328862163449309063624947551,1.2.826.0.1.3680043.8.498.34413434928225419426843375512606819023,/kaggle/input/rsna-intracranial-aneurysm-detection/series/1.2.826.0.1.3680043.8.498.10855815156328862163449309063624947551/1.2.826.0.1.3680043.8.498.34413434928225419426843375512606819023.dcm,0,MRA,0
72713,1.2.826.0.1.3680043.8.498.10862138275035843887055171875480735964,1.2.826.0.1.3680043.8.498.82418894076387766752664288878063848530,/kaggle/input/rsna-intracranial-aneurysm-detection/series/1.2.826.0.1.3680043.8.498.10862138275035843887055171875480735964/1.2.826.0.1.3680043.8.498.82418894076387766752664288878063848530.dcm,0,MRI T2,0
84113,1.2.826.0.1.3680043.8.498.10980026745062140438182890008536486318,1.2.826.0.1.3680043.8.498.10916220967018561573193024540833981421,/kaggle/input/rsna-intracranial-aneurysm-detection/series/1.2.826.0.1.3680043.8.498.10980026745062140438182890008536486318/1.2.826.0.1.3680043.8.498.10916220967018561573193024540833981421.dcm,0,MRA,0
84114,1.2.826.0.1.3680043.8.498.10981389271844621878885978328397228333,1.2.826.0.1.3680043.8.498.56587166785707124645749354292562931908,/kaggle/input/rsna-intracranial-aneurysm-detection/series/1.2.826.0.1.3680043.8.498.10981389271844621878885978328397228333/1.2.826.0.1.3680043.8.498.56587166785707124645749354292562931908.dcm,0,MRI T2,0
90656,1.2.826.0.1.3680043.8.498.11104954478910076555193799063337641886,1.2.826.0.1.3680043.8.498.10800572475468416412466314218840209455,/kaggle/input/rsna-intracranial-aneurysm-detection/series/1.2.826.0.1.3680043.8.498.11104954478910076555193799063337641886/1.2.826.0.1.3680043.8.498.10800572475468416412466314218840209455.dcm,0,MRI T2,0
90657,1.2.826.0.1.3680043.8.498.11111238329647094487286538983381172094,1.2.826.0.1.3680043.8.498.12028149425173972238398266248763000954,/kaggle/input/rsna-intracranial-aneurysm-detection/series/1.2.826.0.1.3680043.8.498.11111238329647094487286538983381172094/1.2.826.0.1.3680043.8.498.12028149425173972238398266248763000954.dcm,0,MRA,0
103150,1.2.826.0.1.3680043.8.498.11271916677053136775815952743796577450,1.2.826.0.1.3680043.8.498.55042518790326682074932690684658378269,/kaggle/input/rsna-intracranial-aneurysm-detection/series/1.2.826.0.1.3680043.8.498.11271916677053136775815952743796577450/1.2.826.0.1.3680043.8.498.55042518790326682074932690684658378269.dcm,0,MRI T2,0
107758,1.2.826.0.1.3680043.8.498.11335984822170480785437772707274062775,1.2.826.0.1.3680043.8.498.26798448116851837871783391540556754788,/kaggle/input/rsna-intracranial-aneurysm-detection/series/1.2.826.0.1.3680043.8.498.11335984822170480785437772707274062775/1.2.826.0.1.3680043.8.498.26798448116851837871783391540556754788.dcm,0,MRI T2,0
114997,1.2.826.0.1.3680043.8.498.11396958000946738156009956455739305762,1.2.826.0.1.3680043.8.498.28243050480060645682876071615440100341,/kaggle/input/rsna-intracranial-aneurysm-detection/series/1.2.826.0.1.3680043.8.498.11396958000946738156009956455739305762/1.2.826.0.1.3680043.8.498.28243050480060645682876071615440100341.dcm,0,MRI T2,0
141475,1.2.826.0.1.3680043.8.498.11695622507980273512065782038105682122,1.2.826.0.1.3680043.8.498.27248590847713310225131973364715424648,/kaggle/input/rsna-intracranial-aneurysm-detection/series/1.2.826.0.1.3680043.8.498.11695622507980273512065782038105682122/1.2.826.0.1.3680043.8.498.27248590847713310225131973364715424648.dcm,0,MRI T2,0
156883,1.2.826.0.1.3680043.8.498.11873351578622765241634317263552561587,1.2.826.0.1.3680043.8.498.10764528856339578641000429677304781089,/kaggle/input/rsna-intracranial-aneurysm-detection/series/1.2.826.0.1.3680043.8.498.11873351578622765241634317263552561587/1.2.826.0.1.3680043.8.498.10764528856339578641000429677304781089.dcm,0,MRI T2,0
157052,1.2.826.0.1.3680043.8.498.11879504591708104810023210215372877642,1.2.826.0.1.3680043.8.498.74374856222989671222434195532508820166,/kaggle/input/rsna-intracranial-aneurysm-detection/series/1.2.826.0.1.3680043.8.498.11879504591708104810023210215372877642/1.2.826.0.1.3680043.8.498.74374856222989671222434195532508820166.dcm,0,MRA,0
157053,1.2.826.0.1.3680043.8.498.11879572847084541531867299108858989517,1.2.826.0.1.3680043.8.498.12386978981240529571229419803840490423,/kaggle/input/rsna-intracranial-aneurysm-detection/series/1.2.826.0.1.3680043.8.498.11879572847084541531867299108858989517/1.2.826.0.1.3680043.8.498.12386978981240529571229419803840490423.dcm,0,MRI T2,0
172079,1.2.826.0.1.3680043.8.498.12054066452837297778306432621672838535,1.2.826.0.1.3680043.8.498.80157299844648545155225469558422052401,/kaggle/input/rsna-intracranial-aneurysm-detection/series/1.2.826.0.1.3680043.8.498.12054066452837297778306432621672838535/1.2.826.0.1.3680043.8.498.80157299844648545155225469558422052401.dcm,0,MRI T2,0
185049,1.2.826.0.1.3680043.8.498.12163038646729971461006564302880090481,1.2.826.0.1.3680043.8.498.99300876345685962847342590196782255374,/kaggle/input/rsna-intracranial-aneurysm-detection/series/1.2.826.0.1.3680043.8.498.12163038646729971461006564302880090481/1.2.826.0.1.3680043.8.498.99300876345685962847342590196782255374.dcm,0,MRI T2,0
204683,1.2.826.0.1.3680043.8.498.12412223511598721311168684280852330858,1.2.826.0.1.3680043.8.498.49487615994549979938638736425142356282,/kaggle/input/rsna-intracranial-aneurysm-detection/series/1.2.826.0.1.3680043.8.498.12412223511598721311168684280852330858/1.2.826.0.1.3680043.8.498.49487615994549979938638736425142356282.dcm,0,MRI T2,0
205255,1.2.826.0.1.3680043.8.498.12417812802739470803778652141958787654,1.2.826.0.1.3680043.8.498.22375857569130025586806423487849048997,/kaggle/input/rsna-intracranial-aneurysm-detection/series/1.2.826.0.1.3680043.8.498.12417812802739470803778652141958787654/1.2.826.0.1.3680043.8.498.22375857569130025586806423487849048997.dcm,0,MRA,0
205572,1.2.826.0.1.3680043.8.498.12428729551142593337563343821218583282,1.2.826.0.1.3680043.8.498.35917901402680518962912391811201422140,/kaggle/input/rsna-intracranial-aneurysm-detection/series/1.2.826.0.1.3680043.8.498.12428729551142593337563343821218583282/1.2.826.0.1.3680043.8.498.35917901402680518962912391811201422140.dcm,0,MRI T2,0
206041,1.2.826.0.1.3680043.8.498.12432695928785505525561980033327322109,1.2.826.0.1.3680043.8.498.46839205214391227403533266059115755737,/kaggle/input/rsna-intracranial-aneurysm-detection/series/1.2.826.0.1.3680043.8.498.12432695928785505525561980033327322109/1.2.826.0.1.3680043.8.498.46839205214391227403533266059115755737.dcm,0,MRA,0
208318,1.2.826.0.1.3680043.8.498.12474340538560785906692728859848237772,1.2.826.0.1.3680043.8.498.40332850646198767379878984824540820252,/kaggle/input/rsna-intracranial-aneurysm-detection/series/1.2.826.0.1.3680043.8.498.12474340538560785906692728859848237772/1.2.826.0.1.3680043.8.498.40332850646198767379878984824540820252.dcm,0,MRI T2,0
211509,1.2.826.0.1.3680043.8.498.12522296397681102745910516339101399775,1.2.826.0.1.3680043.8.498.10017854595107979599332873246459414011,/kaggle/input/rsna-intracranial-aneurysm-detection/series/1.2.826.0.1.3680043.8.498.12522296397681102745910516339101399775/1.2.826.0.1.3680043.8.498.10017854595107979599332873246459414011.dcm,0,MRA,0
214545,1.2.826.0.1.3680043.8.498.12562065364529542585642940561860470992,1.2.826.0.1.3680043.8.498.11675618464808596643784267875655174665,/kaggle/input/rsna-intracranial-aneurysm-detection/series/1.2.826.0.1.3680043.8.498.12562065364529542585642940561860470992/1.2.826.0.1.3680043.8.498.11675618464808596643784267875655174665.dcm,0,MRA,0
223213,1.2.826.0.1.3680043.8.498.12689434055249010471294038842762780795,1.2.826.0.1.3680043.8.498.18527297894469242351172471836262038452,/kaggle/input/rsna-intracranial-aneurysm-detection/series/1.2.826.0.1.3680043.8.498.12689434055249010471294038842762780795/1.2.826.0.1.3680043.8.498.18527297894469242351172471836262038452.dcm,0,MRI T2,0
226014,1.2.826.0.1.3680043.8.498.12731166731428722510842096480704381330,1.2.826.0.1.3680043.8.498.50642248978025313939107316902667640977,/kaggle/input/rsna-intracranial-aneurysm-detection/series/1.2.826.0.1.3680043.8.498.12731166731428722510842096480704381330/1.2.826.0.1.3680043.8.498.50642248978025313939107316902667640977.dcm,0,MRA,0
227952,1.2.826.0.1.3680043.8.498.12754621213831983134209152548119057365,1.2.826.0.1.3680043.8.498.10679660162172512137167314754469670880,/kaggle/input/rsna-intracranial-aneurysm-detection/series/1.2.826.0.1.3680043.8.498.12754621213831983134209152548119057365/1.2.826.0.1.3680043.8.498.10679660162172512137167314754469670880.dcm,0,MRI T2,0
229336,1.2.826.0.1.3680043.8.498.12771264483023351659054093916186607438,1.2.826.0.1.3680043.8.498.33781239329541275136995539900257031092,/kaggle/input/rsna-intracranial-aneurysm-detection/series/1.2.826.0.1.3680043.8.498.12771264483023351659054093916186607438/1.2.826.0.1.3680043.8.498.33781239329541275136995539900257031092.dcm,0,MRI T2,0
233748,1.2.826.0.1.3680043.8.498.12812696108978410475211305827801160521,1.2.826.0.1.3680043.8.498.23213669270929225317342791163016676042,/kaggle/input/rsna-intracranial-aneurysm-detection/series/1.2.826.0.1.3680043.8.498.12812696108978410475211305827801160521/1.2.826.0.1.3680043.8.498.23213669270929225317342791163016676042.dcm,0,MRA,0
234337,1.2.826.0.1.3680043.8.498.12821104928632006844311361610308141307,1.2.826.0.1.3680043.8.498.80998576932771028407257637536143675208,/kaggle/input/rsna-intracranial-aneurysm-detection/series/1.2.826.0.1.3680043.8.498.12821104928632006844311361610308141307/1.2.826.0.1.3680043.8.498.80998576932771028407257637536143675208.dcm,0,MRA,0
242098,1.2.826.0.1.3680043.8.498.12911349185179947172094877375947991069,1.2.826.0.1.3680043.8.498.99527348889294707259358224025204075298,/kaggle/input/rsna-intracranial-aneurysm-detection/series/1.2.826.0.1.3680043.8.498.12911349185179947172094877375947991069/1.2.826.0.1.3680043.8.498.99527348889294707259358224025204075298.dcm,0,MRA,0
245205,1.2.826.0.1.3680043.8.498.12943211828633923038120491103266666123,1.2.826.0.1.3680043.8.498.11978471339316657254246130170466678875,/kaggle/input/rsna-intracranial-aneurysm-detection/series/1.2.826.0.1.3680043.8.498.12943211828633923038120491103266666123/1.2.826.0.1.3680043.8.498.11978471339316657254246130170466678875.dcm,0,MRA,0
248225,1.2.826.0.1.3680043.8.498.12982184948914694457061834033768910600,1.2.826.0.1.3680043.8.498.10307271548425280654247276494724643748,/kaggle/input/rsna-intracranial-aneurysm-detection/series/1.2.826.0.1.3680043.8.498.12982184948914694457061834033768910600/1.2.826.0.1.3680043.8.498.10307271548425280654247276494724643748.dcm,0,MRI T2,0
251086,1.2.826.0.1.3680043.8.498.13003902046364390609171774142670961050,1.2.826.0.1.3680043.8.498.51666060335163393141805704377468866318,/kaggle/input/rsna-intracranial-aneurysm-detection/series/1.2.826.0.1.3680043.8.498.13003902046364390609171774142670961050/1.2.826.0.1.3680043.8.498.51666060335163393141805704377468866318.dcm,0,MRA,0
262960,1.2.826.0.1.3680043.8.498.13147833123146361984920559476247329885,1.2.826.0.1.3680043.8.498.29254941106440717186182741847745741915,/kaggle/input/rsna-intracranial-aneurysm-detection/series/1.2.826.0.1.3680043.8.498.13147833123146361984920559476247329885/1.2.826.0.1.3680043.8.498.29254941106440717186182741847745741915.dcm,0,MRI T2,0
270559,1.2.826.0.1.3680043.8.498.13210576200840518334097859216493820026,1.2.826.0.1.3680043.8.498.94350135724374674711157952991402925253,/kaggle/input/rsna-intracranial-aneurysm-detection/series/1.2.826.0.1.3680043.8.498.13210576200840518334097859216493820026/1.2.826.0.1.3680043.8.498.94350135724374674711157952991402925253.dcm,0,MRI T2,0
277587,1.2.826.0.1.3680043.8.498.13282437273122517758665764189901791066,1.2.826.0.1.3680043.8.498.47064522825889218553376408226542503071,/kaggle/input/rsna-intracranial-aneurysm-detection/series/1.2.826.0.1.3680043.8.498.13282437273122517758665764189901791066/1.2.826.0.1.3680043.8.498.47064522825889218553376408226542503071.dcm,0,MRI T2,0
279650,1.2.826.0.1.3680043.8.498.13313833485253630466364537738008974370,1.2.826.0.1.3680043.8.498.24229105418974486402229697973704994554,/kaggle/input/rsna-intracranial-aneurysm-detection/series/1.2.826.0.1.3680043.8.498.13313833485253630466364537738008974370/1.2.826.0.1.3680043.8.498.24229105418974486402229697973704994554.dcm,0,MRI T2,0
289704,1.2.826.0.1.3680043.8.498.13405596847706070846658673149022601354,1.2.826.0.1.3680043.8.498.98462005186988401656266102230731196781,/kaggle/input/rsna-intracranial-aneurysm-detection/series/1.2.826.0.1.3680043.8.498.13405596847706070846658673149022601354/1.2.826.0.1.3680043.8.498.98462005186988401656266102230731196781.dcm,0,MRA,0
290416,1.2.826.0.1.3680043.8.498.13495567850179954068150004119668627533,1.2.826.0.1.3680043.8.498.12518179987656652583902570634034234586,/kaggle/input/rsna-intracranial-aneurysm-detection/series/1.2.826.0.1.3680043.8.498.13495567850179954068150004119668627533/1.2.826.0.1.3680043.8.498.12518179987656652583902570634034234586.dcm,0,MRI T2,0
293989,1.2.826.0.1.3680043.8.498.13947906864681334957335354557160688927,1.2.826.0.1.3680043.8.498.33111594017835580034031358126528782560,/kaggle/input/rsna-intracranial-aneurysm-detection/series/1.2.826.0.1.3680043.8.498.13947906864681334957335354557160688927/1.2.826.0.1.3680043.8.498.33111594017835580034031358126528782560.dcm,0,MRI T2,0
295873,1.2.826.0.1.3680043.8.498.14065050842955320773568627167523972754,1.2.826.0.1.3680043.8.498.36375465397104236482742966260000980335,/kaggle/input/rsna-intracranial-aneurysm-detection/series/1.2.826.0.1.3680043.8.498.14065050842955320773568627167523972754/1.2.826.0.1.3680043.8.498.36375465397104236482742966260000980335.dcm,0,MRI T2,0
311677,1.2.826.0.1.3680043.8.498.16107367082649837713281573768219018140,1.2.826.0.1.3680043.8.498.10257721630058974304986824309882128127,/kaggle/input/rsna-intracranial-aneurysm-detection/series/1.2.826.0.1.3680043.8.498.16107367082649837713281573768219018140/1.2.826.0.1.3680043.8.498.10257721630058974304986824309882128127.dcm,0,MRI T2,0
321528,1.2.826.0.1.3680043.8.498.17539776542961747973264361652266119132,1.2.826.0.1.3680043.8.498.12852636748544589904908982048139798136,/kaggle/input/rsna-intracranial-aneurysm-detection/series/1.2.826.0.1.3680043.8.498.17539776542961747973264361652266119132/1.2.826.0.1.3680043.8.498.12852636748544589904908982048139798136.dcm,0,MRA,0
330849,1.2.826.0.1.3680043.8.498.18590126605607282237156817651624263913,1.2.826.0.1.3680043.8.498.12257360243390410930236730671371437533,/kaggle/input/rsna-intracranial-aneurysm-detection/series/1.2.826.0.1.3680043.8.498.18590126605607282237156817651624263913/1.2.826.0.1.3680043.8.498.12257360243390410930236730671371437533.dcm,0,MRI T2,0
335196,1.2.826.0.1.3680043.8.498.19269953054673420411369000201822322912,1.2.826.0.1.3680043.8.498.79395056644794669706067578114489113011,/kaggle/input/rsna-intracranial-aneurysm-detection/series/1.2.826.0.1.3680043.8.498.19269953054673420411369000201822322912/1.2.826.0.1.3680043.8.498.79395056644794669706067578114489113011.dcm,0,MRI T2,0
337203,1.2.826.0.1.3680043.8.498.19682664625865517961416056160237981687,1.2.826.0.1.3680043.8.498.31682066813941199844595992602256993855,/kaggle/input/rsna-intracranial-aneurysm-detection/series/1.2.826.0.1.3680043.8.498.19682664625865517961416056160237981687/1.2.826.0.1.3680043.8.498.31682066813941199844595992602256993855.dcm,0,MRA,0
344657,1.2.826.0.1.3680043.8.498.21102017137705982666740362668971379329,1.2.826.0.1.3680043.8.498.12076765087292702855687781422394016043,/kaggle/input/rsna-intracranial-aneurysm-detection/series/1.2.826.0.1.3680043.8.498.21102017137705982666740362668971379329/1.2.826.0.1.3680043.8.498.12076765087292702855687781422394016043.dcm,0,MRI T2,0
358759,1.2.826.0.1.3680043.8.498.22606065841605842777939301195831580552,1.2.826.0.1.3680043.8.498.33818982375661858579736893995014179498,/kaggle/input/rsna-intracranial-aneurysm-detection/series/1.2.826.0.1.3680043.8.498.22606065841605842777939301195831580552/1.2.826.0.1.3680043.8.498.33818982375661858579736893995014179498.dcm,0,MRI T2,0
369939,1.2.826.0.1.3680043.8.498.24041475956603288148132074750192180508,1.2.826.0.1.3680043.8.498.11307425586929473409086379166892277372,/kaggle/input/rsna-intracranial-aneurysm-detection/series/1.2.826.0.1.3680043.8.498.24041475956603288148132074750192180508/1.2.826.0.1.3680043.8.498.11307425586929473409086379166892277372.dcm,0,MRA,0
379952,1.2.826.0.1.3680043.8.498.24993743438298110446157692523560503007,1.2.826.0.1.3680043.8.498.48289798255771249189197350986823311959,/kaggle/input/rsna-intracranial-aneurysm-detection/series/1.2.826.0.1.3680043.8.498.24993743438298110446157692523560503007/1.2.826.0.1.3680043.8.498.48289798255771249189197350986823311959.dcm,0,MRI T2,0
387207,1.2.826.0.1.3680043.8.498.25949245437930595280555224363586800338,1.2.826.0.1.3680043.8.498.92188446317015071026378951206994456321,/kaggle/input/rsna-intracranial-aneurysm-detection/series/1.2.826.0.1.3680043.8.498.25949245437930595280555224363586800338/1.2.826.0.1.3680043.8.498.92188446317015071026378951206994456321.dcm,0,MRA,0
403783,1.2.826.0.1.3680043.8.498.28482967391262055011933868891640946516,1.2.826.0.1.3680043.8.498.30742035599340524012608605821087312488,/kaggle/input/rsna-intracranial-aneurysm-detection/series/1.2.826.0.1.3680043.8.498.28482967391262055011933868891640946516/1.2.826.0.1.3680043.8.498.30742035599340524012608605821087312488.dcm,0,MRA,0
410436,1.2.826.0.1.3680043.8.498.29091604758706246371270266682859989862,1.2.826.0.1.3680043.8.498.55802596343073978768127019347628035417,/kaggle/input/rsna-intracranial-aneurysm-detection/series/1.2.826.0.1.3680043.8.498.29091604758706246371270266682859989862/1.2.826.0.1.3680043.8.498.55802596343073978768127019347628035417.dcm,0,MRI T2,0
410806,1.2.826.0.1.3680043.8.498.29153488544062682170494100174991824686,1.2.826.0.1.3680043.8.498.95675823601957417137875134876800242741,/kaggle/input/rsna-intracranial-aneurysm-detection/series/1.2.826.0.1.3680043.8.498.29153488544062682170494100174991824686/1.2.826.0.1.3680043.8.498.95675823601957417137875134876800242741.dcm,0,MRA,0
411716,1.2.826.0.1.3680043.8.498.29351212950805314631667854934458469754,1.2.826.0.1.3680043.8.498.80852509435723478933654650892919735486,/kaggle/input/rsna-intracranial-aneurysm-detection/series/1.2.826.0.1.3680043.8.498.29351212950805314631667854934458469754/1.2.826.0.1.3680043.8.498.80852509435723478933654650892919735486.dcm,0,MRI T2,0
416552,1.2.826.0.1.3680043.8.498.29881274531251056378249867887700507138,1.2.826.0.1.3680043.8.498.58667405462957252211147192815002038041,/kaggle/input/rsna-intracranial-aneurysm-detection/series/1.2.826.0.1.3680043.8.498.29881274531251056378249867887700507138/1.2.826.0.1.3680043.8.498.58667405462957252211147192815002038041.dcm,0,MRA,0
417810,1.2.826.0.1.3680043.8.498.30020919657592788255839113840006228503,1.2.826.0.1.3680043.8.498.97828893409839681147933055774960480849,/kaggle/input/rsna-intracranial-aneurysm-detection/series/1.2.826.0.1.3680043.8.498.30020919657592788255839113840006228503/1.2.826.0.1.3680043.8.498.97828893409839681147933055774960480849.dcm,0,MRI T2,0
437604,1.2.826.0.1.3680043.8.498.32026535288890151408952917012449781030,1.2.826.0.1.3680043.8.498.36542196067114706421406791032273920558,/kaggle/input/rsna-intracranial-aneurysm-detection/series/1.2.826.0.1.3680043.8.498.32026535288890151408952917012449781030/1.2.826.0.1.3680043.8.498.36542196067114706421406791032273920558.dcm,0,MRA,0
441179,1.2.826.0.1.3680043.8.498.32475631228138631088040083479006114377,1.2.826.0.1.3680043.8.498.77680774645856583889086759691847526562,/kaggle/input/rsna-intracranial-aneurysm-detection/series/1.2.826.0.1.3680043.8.498.32475631228138631088040083479006114377/1.2.826.0.1.3680043.8.498.77680774645856583889086759691847526562.dcm,0,MRA,0
449342,1.2.826.0.1.3680043.8.498.33254059742616938664293801285152925743,1.2.826.0.1.3680043.8.498.53578209024390715947576048150603951774,/kaggle/input/rsna-intracranial-aneurysm-detection/series/1.2.826.0.1.3680043.8.498.33254059742616938664293801285152925743/1.2.826.0.1.3680043.8.498.53578209024390715947576048150603951774.dcm,0,MRI T2,0
457118,1.2.826.0.1.3680043.8.498.34470388133566695690203587840438758209,1.2.826.0.1.3680043.8.498.22662807826674289832139397074602159384,/kaggle/input/rsna-intracranial-aneurysm-detection/series/1.2.826.0.1.3680043.8.498.34470388133566695690203587840438758209/1.2.826.0.1.3680043.8.498.22662807826674289832139397074602159384.dcm,0,MRA,0
461924,1.2.826.0.1.3680043.8.498.35123157147325830213906326339070528034,1.2.826.0.1.3680043.8.498.16502595713665354569827239723600388222,/kaggle/input/rsna-intracranial-aneurysm-detection/series/1.2.826.0.1.3680043.8.498.35123157147325830213906326339070528034/1.2.826.0.1.3680043.8.498.16502595713665354569827239723600388222.dcm,0,MRI T2,0
464309,1.2.826.0.1.3680043.8.498.35440393683691371542782507480292365786,1.2.826.0.1.3680043.8.498.81639007428266150086085535159939400998,/kaggle/input/rsna-intracranial-aneurysm-detection/series/1.2.826.0.1.3680043.8.498.35440393683691371542782507480292365786/1.2.826.0.1.3680043.8.498.81639007428266150086085535159939400998.dcm,0,MRI T2,0
465236,1.2.826.0.1.3680043.8.498.35467872282464398076937494602948308600,1.2.826.0.1.3680043.8.498.60773410361161967099876558613599624874,/kaggle/input/rsna-intracranial-aneurysm-detection/series/1.2.826.0.1.3680043.8.498.35467872282464398076937494602948308600/1.2.826.0.1.3680043.8.498.60773410361161967099876558613599624874.dcm,0,MRA,0
465710,1.2.826.0.1.3680043.8.498.35589126261745193894522421797804034433,1.2.826.0.1.3680043.8.498.10471903842079171226024658187796516099,/kaggle/input/rsna-intracranial-aneurysm-detection/series/1.2.826.0.1.3680043.8.498.35589126261745193894522421797804034433/1.2.826.0.1.3680043.8.498.10471903842079171226024658187796516099.dcm,0,MRI T2,0
476454,1.2.826.0.1.3680043.8.498.36848976286505256629064614755261126678,1.2.826.0.1.3680043.8.498.20354327060222603203136632677132840159,/kaggle/input/rsna-intracranial-aneurysm-detection/series/1.2.826.0.1.3680043.8.498.36848976286505256629064614755261126678/1.2.826.0.1.3680043.8.498.20354327060222603203136632677132840159.dcm,0,MRA,0
476455,1.2.826.0.1.3680043.8.498.36861937197087749960171145883205456895,1.2.826.0.1.3680043.8.498.11131489227836856996372253052390396723,/kaggle/input/rsna-intracranial-aneurysm-detection/series/1.2.826.0.1.3680043.8.498.36861937197087749960171145883205456895/1.2.826.0.1.3680043.8.498.11131489227836856996372253052390396723.dcm,0,MRI T2,0
477043,1.2.826.0.1.3680043.8.498.37092090442971006566288716268334819813,1.2.826.0.1.3680043.8.498.23342060792529468107038738398144546324,/kaggle/input/rsna-intracranial-aneurysm-detection/series/1.2.826.0.1.3680043.8.498.37092090442971006566288716268334819813/1.2.826.0.1.3680043.8.498.23342060792529468107038738398144546324.dcm,0,MRA,0
478918,1.2.826.0.1.3680043.8.498.37309056573394133318150810758114742106,1.2.826.0.1.3680043.8.498.61070973098565029644515157609069499411,/kaggle/input/rsna-intracranial-aneurysm-detection/series/1.2.826.0.1.3680043.8.498.37309056573394133318150810758114742106/1.2.826.0.1.3680043.8.498.61070973098565029644515157609069499411.dcm,0,MRI T2,0
495416,1.2.826.0.1.3680043.8.498.39552418037091410177961883605345868676,1.2.826.0.1.3680043.8.498.11761625218178461525431274495798703891,/kaggle/input/rsna-intracranial-aneurysm-detection/series/1.2.826.0.1.3680043.8.498.39552418037091410177961883605345868676/1.2.826.0.1.3680043.8.498.11761625218178461525431274495798703891.dcm,0,MRI T2,0
500024,1.2.826.0.1.3680043.8.498.40006562159206402632477316663171307697,1.2.826.0.1.3680043.8.498.11490095747735928925443893338140018728,/kaggle/input/rsna-intracranial-aneurysm-detection/series/1.2.826.0.1.3680043.8.498.40006562159206402632477316663171307697/1.2.826.0.1.3680043.8.498.11490095747735928925443893338140018728.dcm,0,MRI T2,0
503765,1.2.826.0.1.3680043.8.498.40565312015330853450724098867722236360,1.2.826.0.1.3680043.8.498.10790724026488338870632976636016115838,/kaggle/input/rsna-intracranial-aneurysm-detection/series/1.2.826.0.1.3680043.8.498.40565312015330853450724098867722236360/1.2.826.0.1.3680043.8.498.10790724026488338870632976636016115838.dcm,0,MRI T2,0
519108,1.2.826.0.1.3680043.8.498.42205605802069862608910705221639234613,1.2.826.0.1.3680043.8.498.52135176059853261265056577589434667073,/kaggle/input/rsna-intracranial-aneurysm-detection/series/1.2.826.0.1.3680043.8.498.42205605802069862608910705221639234613/1.2.826.0.1.3680043.8.498.52135176059853261265056577589434667073.dcm,0,MRA,0
519109,1.2.826.0.1.3680043.8.498.42238187295164256565455310699799266537,1.2.826.0.1.3680043.8.498.73839406290951881789824691480511102118,/kaggle/input/rsna-intracranial-aneurysm-detection/series/1.2.826.0.1.3680043.8.498.42238187295164256565455310699799266537/1.2.826.0.1.3680043.8.498.73839406290951881789824691480511102118.dcm,0,MRA,0
530996,1.2.826.0.1.3680043.8.498.43178115843280512955531377187588659689,1.2.826.0.1.3680043.8.498.89396574859114215286655669456239990944,/kaggle/input/rsna-intracranial-aneurysm-detection/series/1.2.826.0.1.3680043.8.498.43178115843280512955531377187588659689/1.2.826.0.1.3680043.8.498.89396574859114215286655669456239990944.dcm,0,MRI T2,0
537706,1.2.826.0.1.3680043.8.498.43904644226033040820903702585969912893,1.2.826.0.1.3680043.8.498.75923386578885354784596598001171781013,/kaggle/input/rsna-intracranial-aneurysm-detection/series/1.2.826.0.1.3680043.8.498.43904644226033040820903702585969912893/1.2.826.0.1.3680043.8.498.75923386578885354784596598001171781013.dcm,0,MRI T2,0
545099,1.2.826.0.1.3680043.8.498.45090711146814048529821030608055492897,1.2.826.0.1.3680043.8.498.13243754283371381541129014282528546828,/kaggle/input/rsna-intracranial-aneurysm-detection/series/1.2.826.0.1.3680043.8.498.45090711146814048529821030608055492897/1.2.826.0.1.3680043.8.498.13243754283371381541129014282528546828.dcm,0,MRI T2,0
546454,1.2.826.0.1.3680043.8.498.45424805947272697393885330708447229632,1.2.826.0.1.3680043.8.498.41748355395829978949460935419890432208,/kaggle/input/rsna-intracranial-aneurysm-detection/series/1.2.826.0.1.3680043.8.498.45424805947272697393885330708447229632/1.2.826.0.1.3680043.8.498.41748355395829978949460935419890432208.dcm,0,MRA,0
549386,1.2.826.0.1.3680043.8.498.45880632969904806614854806328044716468,1.2.826.0.1.3680043.8.498.81980839319320454560235185086663303889,/kaggle/input/rsna-intracranial-aneurysm-detection/series/1.2.826.0.1.3680043.8.498.45880632969904806614854806328044716468/1.2.826.0.1.3680043.8.498.81980839319320454560235185086663303889.dcm,0,MRA,0
563321,1.2.826.0.1.3680043.8.498.47198997109856483529015070075855120913,1.2.826.0.1.3680043.8.498.11401396670667174325266134220446147694,/kaggle/input/rsna-intracranial-aneurysm-detection/series/1.2.826.0.1.3680043.8.498.47198997109856483529015070075855120913/1.2.826.0.1.3680043.8.498.11401396670667174325266134220446147694.dcm,0,MRI T2,0
566414,1.2.826.0.1.3680043.8.498.47512051931225253002589013649970043359,1.2.826.0.1.3680043.8.498.27112933804512965853721938174517452377,/kaggle/input/rsna-intracranial-aneurysm-detection/series/1.2.826.0.1.3680043.8.498.47512051931225253002589013649970043359/1.2.826.0.1.3680043.8.498.27112933804512965853721938174517452377.dcm,0,MRA,0
567700,1.2.826.0.1.3680043.8.498.47632990208138063511570308656748289323,1.2.826.0.1.3680043.8.498.12176027015998202206119939196148048867,/kaggle/input/rsna-intracranial-aneurysm-detection/series/1.2.826.0.1.3680043.8.498.47632990208138063511570308656748289323/1.2.826.0.1.3680043.8.498.12176027015998202206119939196148048867.dcm,0,MRI T2,0
578569,1.2.826.0.1.3680043.8.498.49044214422735542986349697296721253372,1.2.826.0.1.3680043.8.498.54197226584680181831047718664881225104,/kaggle/input/rsna-intracranial-aneurysm-detection/series/1.2.826.0.1.3680043.8.498.49044214422735542986349697296721253372/1.2.826.0.1.3680043.8.498.54197226584680181831047718664881225104.dcm,0,MRI T2,0
580133,1.2.826.0.1.3680043.8.498.49275136096910087630427077095862258070,1.2.826.0.1.3680043.8.498.78918889884316467454348652986092784933,/kaggle/input/rsna-intracranial-aneurysm-detection/series/1.2.826.0.1.3680043.8.498.49275136096910087630427077095862258070/1.2.826.0.1.3680043.8.498.78918889884316467454348652986092784933.dcm,0,MRA,0
582000,1.2.826.0.1.3680043.8.498.49452923197485109307267154799430501491,1.2.826.0.1.3680043.8.498.75638073882401792001529182354868840416,/kaggle/input/rsna-intracranial-aneurysm-detection/series/1.2.826.0.1.3680043.8.498.49452923197485109307267154799430501491/1.2.826.0.1.3680043.8.498.75638073882401792001529182354868840416.dcm,0,MRI T2,0
582149,1.2.826.0.1.3680043.8.498.49504988543101147636991852267737251575,1.2.826.0.1.3680043.8.498.13159742100464887724535638393301968791,/kaggle/input/rsna-intracranial-aneurysm-detection/series/1.2.826.0.1.3680043.8.498.49504988543101147636991852267737251575/1.2.826.0.1.3680043.8.498.13159742100464887724535638393301968791.dcm,0,MRI T2,0
584223,1.2.826.0.1.3680043.8.498.49645675920301584846008155523820732355,1.2.826.0.1.3680043.8.498.40786238997324132549460460419430785538,/kaggle/input/rsna-intracranial-aneurysm-detection/series/1.2.826.0.1.3680043.8.498.49645675920301584846008155523820732355/1.2.826.0.1.3680043.8.498.40786238997324132549460460419430785538.dcm,0,MRA,0
584254,1.2.826.0.1.3680043.8.498.49672398100697832208944634471809461961,1.2.826.0.1.3680043.8.498.35946140715043107143111759319905951944,/kaggle/input/rsna-intracranial-aneurysm-detection/series/1.2.826.0.1.3680043.8.498.49672398100697832208944634471809461961/1.2.826.0.1.3680043.8.498.35946140715043107143111759319905951944.dcm,0,MRI T2,0
592716,1.2.826.0.1.3680043.8.498.50668879928342593291812487079769153076,1.2.826.0.1.3680043.8.498.30278795519875249366340725442964867569,/kaggle/input/rsna-intracranial-aneurysm-detection/series/1.2.826.0.1.3680043.8.498.50668879928342593291812487079769153076/1.2.826.0.1.3680043.8.498.30278795519875249366340725442964867569.dcm,0,MRI T2,0
593732,1.2.826.0.1.3680043.8.498.50916621085656781540278427064467759139,1.2.826.0.1.3680043.8.498.92199447906849653657186146499240164692,/kaggle/input/rsna-intracranial-aneurysm-detection/series/1.2.826.0.1.3680043.8.498.50916621085656781540278427064467759139/1.2.826.0.1.3680043.8.498.92199447906849653657186146499240164692.dcm,0,MRI T2,0
615890,1.2.826.0.1.3680043.8.498.53378195112495596073935228695315560749,1.2.826.0.1.3680043.8.498.66159598998532737928325314267682802144,/kaggle/input/rsna-intracranial-aneurysm-detection/series/1.2.826.0.1.3680043.8.498.53378195112495596073935228695315560749/1.2.826.0.1.3680043.8.498.66159598998532737928325314267682802144.dcm,0,MRI T2,0
616814,1.2.826.0.1.3680043.8.498.53585367805085794025102398294094246416,1.2.826.0.1.3680043.8.498.79381133698165509906930672185810400894,/kaggle/input/rsna-intracranial-aneurysm-detection/series/1.2.826.0.1.3680043.8.498.53585367805085794025102398294094246416/1.2.826.0.1.3680043.8.498.79381133698165509906930672185810400894.dcm,0,MRI T2,0
618188,1.2.826.0.1.3680043.8.498.53711386915378561220312052080859271851,1.2.826.0.1.3680043.8.498.11350925335028875743308533416380791705,/kaggle/input/rsna-intracranial-aneurysm-detection/series/1.2.826.0.1.3680043.8.498.53711386915378561220312052080859271851/1.2.826.0.1.3680043.8.498.11350925335028875743308533416380791705.dcm,0,MRI T2,0
622098,1.2.826.0.1.3680043.8.498.54010234416446061760774669923509453223,1.2.826.0.1.3680043.8.498.29320744692061796948936282371670583024,/kaggle/input/rsna-intracranial-aneurysm-detection/series/1.2.826.0.1.3680043.8.498.54010234416446061760774669923509453223/1.2.826.0.1.3680043.8.498.29320744692061796948936282371670583024.dcm,0,MRA,0
640992,1.2.826.0.1.3680043.8.498.56141022535586733370230113263167850285,1.2.826.0.1.3680043.8.498.34938763758278252024392644534742224822,/kaggle/input/rsna-intracranial-aneurysm-detection/series/1.2.826.0.1.3680043.8.498.56141022535586733370230113263167850285/1.2.826.0.1.3680043.8.498.34938763758278252024392644534742224822.dcm,0,MRI T2,0
641363,1.2.826.0.1.3680043.8.498.56222999331067503423242588210365055932,1.2.826.0.1.3680043.8.498.44610770954050097753875547942032593886,/kaggle/input/rsna-intracranial-aneurysm-detection/series/1.2.826.0.1.3680043.8.498.56222999331067503423242588210365055932/1.2.826.0.1.3680043.8.498.44610770954050097753875547942032593886.dcm,0,MRI T2,0
650535,1.2.826.0.1.3680043.8.498.56999443336490650494035575953368751525,1.2.826.0.1.3680043.8.498.43661327970671023691708683392697900506,/kaggle/input/rsna-intracranial-aneurysm-detection/series/1.2.826.0.1.3680043.8.498.56999443336490650494035575953368751525/1.2.826.0.1.3680043.8.498.43661327970671023691708683392697900506.dcm,0,MRA,0
654241,1.2.826.0.1.3680043.8.498.57494727272448217653486810064050641810,1.2.826.0.1.3680043.8.498.38987259610650204532895383432201002360,/kaggle/input/rsna-intracranial-aneurysm-detection/series/1.2.826.0.1.3680043.8.498.57494727272448217653486810064050641810/1.2.826.0.1.3680043.8.498.38987259610650204532895383432201002360.dcm,0,MRA,0
654584,1.2.826.0.1.3680043.8.498.57571614110713172938445277848220832736,1.2.826.0.1.3680043.8.498.99783642014301651428300128852841717321,/kaggle/input/rsna-intracranial-aneurysm-detection/series/1.2.826.0.1.3680043.8.498.57571614110713172938445277848220832736/1.2.826.0.1.3680043.8.498.99783642014301651428300128852841717321.dcm,0,MRI T2,0
655675,1.2.826.0.1.3680043.8.498.57786747171285132817448516521028808460,1.2.826.0.1.3680043.8.498.85964311075750414439072409906111297066,/kaggle/input/rsna-intracranial-aneurysm-detection/series/1.2.826.0.1.3680043.8.498.57786747171285132817448516521028808460/1.2.826.0.1.3680043.8.498.85964311075750414439072409906111297066.dcm,0,MRI T2,0
664241,1.2.826.0.1.3680043.8.498.59007637167260097394144630249151736772,1.2.826.0.1.3680043.8.498.90309260433561628423134376937367757488,/kaggle/input/rsna-intracranial-aneurysm-detection/series/1.2.826.0.1.3680043.8.498.59007637167260097394144630249151736772/1.2.826.0.1.3680043.8.498.90309260433561628423134376937367757488.dcm,0,MRI T2,0
665094,1.2.826.0.1.3680043.8.498.59156353164444888531114726550615717510,1.2.826.0.1.3680043.8.498.13138547742091120859460040969364174314,/kaggle/input/rsna-intracranial-aneurysm-detection/series/1.2.826.0.1.3680043.8.498.59156353164444888531114726550615717510/1.2.826.0.1.3680043.8.498.13138547742091120859460040969364174314.dcm,0,MRI T2,0
678947,1.2.826.0.1.3680043.8.498.60666030132164185940623038826473481703,1.2.826.0.1.3680043.8.498.73837177370053389614682151912308695399,/kaggle/input/rsna-intracranial-aneurysm-detection/series/1.2.826.0.1.3680043.8.498.60666030132164185940623038826473481703/1.2.826.0.1.3680043.8.498.73837177370053389614682151912308695399.dcm,0,MRI T2,0
679493,1.2.826.0.1.3680043.8.498.60754556964193927826717816960601158065,1.2.826.0.1.3680043.8.498.28822410643412200215488225794534402766,/kaggle/input/rsna-intracranial-aneurysm-detection/series/1.2.826.0.1.3680043.8.498.60754556964193927826717816960601158065/1.2.826.0.1.3680043.8.498.28822410643412200215488225794534402766.dcm,0,MRA,0
683153,1.2.826.0.1.3680043.8.498.61153322328776313915781838928080962114,1.2.826.0.1.3680043.8.498.10662362522925200422442014533693825349,/kaggle/input/rsna-intracranial-aneurysm-detection/series/1.2.826.0.1.3680043.8.498.61153322328776313915781838928080962114/1.2.826.0.1.3680043.8.498.10662362522925200422442014533693825349.dcm,0,MRA,0
685130,1.2.826.0.1.3680043.8.498.61242489340934753454995133840527469928,1.2.826.0.1.3680043.8.498.13103888666498995856885122323382179853,/kaggle/input/rsna-intracranial-aneurysm-detection/series/1.2.826.0.1.3680043.8.498.61242489340934753454995133840527469928/1.2.826.0.1.3680043.8.498.13103888666498995856885122323382179853.dcm,0,MRA,0
705740,1.2.826.0.1.3680043.8.498.63902840281332400235028385326880935571,1.2.826.0.1.3680043.8.498.27114875859232877834044018051195137084,/kaggle/input/rsna-intracranial-aneurysm-detection/series/1.2.826.0.1.3680043.8.498.63902840281332400235028385326880935571/1.2.826.0.1.3680043.8.498.27114875859232877834044018051195137084.dcm,0,MRA,0
711487,1.2.826.0.1.3680043.8.498.64598461918691559185365969943652987290,1.2.826.0.1.3680043.8.498.11157735667968627761791884845934901719,/kaggle/input/rsna-intracranial-aneurysm-detection/series/1.2.826.0.1.3680043.8.498.64598461918691559185365969943652987290/1.2.826.0.1.3680043.8.498.11157735667968627761791884845934901719.dcm,0,MRI T2,0
714647,1.2.826.0.1.3680043.8.498.64960022379040355657643905780473953753,1.2.826.0.1.3680043.8.498.95428840030531821334133191615114465948,/kaggle/input/rsna-intracranial-aneurysm-detection/series/1.2.826.0.1.3680043.8.498.64960022379040355657643905780473953753/1.2.826.0.1.3680043.8.498.95428840030531821334133191615114465948.dcm,0,MRI T2,0
715764,1.2.826.0.1.3680043.8.498.65202481973210273390562122834896627670,1.2.826.0.1.3680043.8.498.12266552332750058368892780370735730541,/kaggle/input/rsna-intracranial-aneurysm-detection/series/1.2.826.0.1.3680043.8.498.65202481973210273390562122834896627670/1.2.826.0.1.3680043.8.498.12266552332750058368892780370735730541.dcm,0,MRI T2,0
723670,1.2.826.0.1.3680043.8.498.66423972787223150942918181220690070419,1.2.826.0.1.3680043.8.498.42156317448053631716765062952696683025,/kaggle/input/rsna-intracranial-aneurysm-detection/series/1.2.826.0.1.3680043.8.498.66423972787223150942918181220690070419/1.2.826.0.1.3680043.8.498.42156317448053631716765062952696683025.dcm,0,MRI T2,0
729660,1.2.826.0.1.3680043.8.498.67129993505475797984506180089478722899,1.2.826.0.1.3680043.8.498.10127540243127794014182621777946148706,/kaggle/input/rsna-intracranial-aneurysm-detection/series/1.2.826.0.1.3680043.8.498.67129993505475797984506180089478722899/1.2.826.0.1.3680043.8.498.10127540243127794014182621777946148706.dcm,0,MRI T2,0
738817,1.2.826.0.1.3680043.8.498.68510023929833229577458442459153894035,1.2.826.0.1.3680043.8.498.74821838237858005721866091558522149413,/kaggle/input/rsna-intracranial-aneurysm-detection/series/1.2.826.0.1.3680043.8.498.68510023929833229577458442459153894035/1.2.826.0.1.3680043.8.498.74821838237858005721866091558522149413.dcm,0,MRI T2,0
742346,1.2.826.0.1.3680043.8.498.68810051732794178281704427735360098482,1.2.826.0.1.3680043.8.498.70482991333522424548387384811635406895,/kaggle/input/rsna-intracranial-aneurysm-detection/series/1.2.826.0.1.3680043.8.498.68810051732794178281704427735360098482/1.2.826.0.1.3680043.8.498.70482991333522424548387384811635406895.dcm,0,MRI T2,0
751483,1.2.826.0.1.3680043.8.498.70055357480966035245562638050164611729,1.2.826.0.1.3680043.8.498.26923378605785390845352721475608225082,/kaggle/input/rsna-intracranial-aneurysm-detection/series/1.2.826.0.1.3680043.8.498.70055357480966035245562638050164611729/1.2.826.0.1.3680043.8.498.26923378605785390845352721475608225082.dcm,0,MRA,0
754831,1.2.826.0.1.3680043.8.498.70460254543343254441910508606178652674,1.2.826.0.1.3680043.8.498.89595751315371340460516047904561256053,/kaggle/input/rsna-intracranial-aneurysm-detection/series/1.2.826.0.1.3680043.8.498.70460254543343254441910508606178652674/1.2.826.0.1.3680043.8.498.89595751315371340460516047904561256053.dcm,0,MRI T2,0
754928,1.2.826.0.1.3680043.8.498.70531254694687927663087030057664893602,1.2.826.0.1.3680043.8.498.80612451494925128740178247940871778980,/kaggle/input/rsna-intracranial-aneurysm-detection/series/1.2.826.0.1.3680043.8.498.70531254694687927663087030057664893602/1.2.826.0.1.3680043.8.498.80612451494925128740178247940871778980.dcm,0,MRI T2,0
755474,1.2.826.0.1.3680043.8.498.70566412718003938269341743751864872289,1.2.826.0.1.3680043.8.498.14761493792762351026766097746547996570,/kaggle/input/rsna-intracranial-aneurysm-detection/series/1.2.826.0.1.3680043.8.498.70566412718003938269341743751864872289/1.2.826.0.1.3680043.8.498.14761493792762351026766097746547996570.dcm,0,MRI T2,0
756499,1.2.826.0.1.3680043.8.498.70740349467940402376482225654838646445,1.2.826.0.1.3680043.8.498.85230664417398236288016525301165174078,/kaggle/input/rsna-intracranial-aneurysm-detection/series/1.2.826.0.1.3680043.8.498.70740349467940402376482225654838646445/1.2.826.0.1.3680043.8.498.85230664417398236288016525301165174078.dcm,0,MRI T2,0
761979,1.2.826.0.1.3680043.8.498.71445303818499329879773315344529996603,1.2.826.0.1.3680043.8.498.25712064974681963163841410557652680993,/kaggle/input/rsna-intracranial-aneurysm-detection/series/1.2.826.0.1.3680043.8.498.71445303818499329879773315344529996603/1.2.826.0.1.3680043.8.498.25712064974681963163841410557652680993.dcm,0,MRI T2,0
767071,1.2.826.0.1.3680043.8.498.72182002651527131445142964271204428302,1.2.826.0.1.3680043.8.498.69839041192199951397909827067429084011,/kaggle/input/rsna-intracranial-aneurysm-detection/series/1.2.826.0.1.3680043.8.498.72182002651527131445142964271204428302/1.2.826.0.1.3680043.8.498.69839041192199951397909827067429084011.dcm,0,MRA,0
767072,1.2.826.0.1.3680043.8.498.72225855260274434919284786602416252760,1.2.826.0.1.3680043.8.498.32596161924806913934885903888420749332,/kaggle/input/rsna-intracranial-aneurysm-detection/series/1.2.826.0.1.3680043.8.498.72225855260274434919284786602416252760/1.2.826.0.1.3680043.8.498.32596161924806913934885903888420749332.dcm,0,MRA,0
768693,1.2.826.0.1.3680043.8.498.72376449259578687645779394155446818732,1.2.826.0.1.3680043.8.498.11348740067385321718520283015660363517,/kaggle/input/rsna-intracranial-aneurysm-detection/series/1.2.826.0.1.3680043.8.498.72376449259578687645779394155446818732/1.2.826.0.1.3680043.8.498.11348740067385321718520283015660363517.dcm,0,MRA,0
775298,1.2.826.0.1.3680043.8.498.73017053943072961490535156861393405047,1.2.826.0.1.3680043.8.498.43634713957407167109020061247926608758,/kaggle/input/rsna-intracranial-aneurysm-detection/series/1.2.826.0.1.3680043.8.498.73017053943072961490535156861393405047/1.2.826.0.1.3680043.8.498.43634713957407167109020061247926608758.dcm,0,MRA,0
788487,1.2.826.0.1.3680043.8.498.74446572245706323761013988471360144057,1.2.826.0.1.3680043.8.498.11736914228568736721781232363993634894,/kaggle/input/rsna-intracranial-aneurysm-detection/series/1.2.826.0.1.3680043.8.498.74446572245706323761013988471360144057/1.2.826.0.1.3680043.8.498.11736914228568736721781232363993634894.dcm,0,MRI T2,0
814615,1.2.826.0.1.3680043.8.498.77684188094417291226259606851149907449,1.2.826.0.1.3680043.8.498.69058871631219396887643302368882791799,/kaggle/input/rsna-intracranial-aneurysm-detection/series/1.2.826.0.1.3680043.8.498.77684188094417291226259606851149907449/1.2.826.0.1.3680043.8.498.69058871631219396887643302368882791799.dcm,0,MRA,0
818071,1.2.826.0.1.3680043.8.498.78093340999137511019044516650112704050,1.2.826.0.1.3680043.8.498.48454140159356065746356238511522178315,/kaggle/input/rsna-intracranial-aneurysm-detection/series/1.2.826.0.1.3680043.8.498.78093340999137511019044516650112704050/1.2.826.0.1.3680043.8.498.48454140159356065746356238511522178315.dcm,0,MRA,0
833109,1.2.826.0.1.3680043.8.498.79897443316128958556789794491375089743,1.2.826.0.1.3680043.8.498.54963096262146959390732979890900621595,/kaggle/input/rsna-intracranial-aneurysm-detection/series/1.2.826.0.1.3680043.8.498.79897443316128958556789794491375089743/1.2.826.0.1.3680043.8.498.54963096262146959390732979890900621595.dcm,0,MRA,0
834699,1.2.826.0.1.3680043.8.498.80005464090171503587823479646462282043,1.2.826.0.1.3680043.8.498.71867526584228481974006352460362609391,/kaggle/input/rsna-intracranial-aneurysm-detection/series/1.2.826.0.1.3680043.8.498.80005464090171503587823479646462282043/1.2.826.0.1.3680043.8.498.71867526584228481974006352460362609391.dcm,0,MRA,0
837080,1.2.826.0.1.3680043.8.498.80285834496508574263720584842653075955,1.2.826.0.1.3680043.8.498.11977196319563600707508849308855473724,/kaggle/input/rsna-intracranial-aneurysm-detection/series/1.2.826.0.1.3680043.8.498.80285834496508574263720584842653075955/1.2.826.0.1.3680043.8.498.11977196319563600707508849308855473724.dcm,0,MRI T2,0
841811,1.2.826.0.1.3680043.8.498.80867588865544471770856895416592312616,1.2.826.0.1.3680043.8.498.45935743982636347376615010975347378456,/kaggle/input/rsna-intracranial-aneurysm-detection/series/1.2.826.0.1.3680043.8.498.80867588865544471770856895416592312616/1.2.826.0.1.3680043.8.498.45935743982636347376615010975347378456.dcm,0,MRA,0
846852,1.2.826.0.1.3680043.8.498.81399243269689421077807741078212046960,1.2.826.0.1.3680043.8.498.59891216984621245866995079914917802448,/kaggle/input/rsna-intracranial-aneurysm-detection/series/1.2.826.0.1.3680043.8.498.81399243269689421077807741078212046960/1.2.826.0.1.3680043.8.498.59891216984621245866995079914917802448.dcm,0,MRI T2,0
871500,1.2.826.0.1.3680043.8.498.83778201759094434081177169852428540424,1.2.826.0.1.3680043.8.498.23841964117992627317270192750241420824,/kaggle/input/rsna-intracranial-aneurysm-detection/series/1.2.826.0.1.3680043.8.498.83778201759094434081177169852428540424/1.2.826.0.1.3680043.8.498.23841964117992627317270192750241420824.dcm,0,MRA,0
877390,1.2.826.0.1.3680043.8.498.84799112719628235165029706501431159091,1.2.826.0.1.3680043.8.498.13069089042487422071899557609258061967,/kaggle/input/rsna-intracranial-aneurysm-detection/series/1.2.826.0.1.3680043.8.498.84799112719628235165029706501431159091/1.2.826.0.1.3680043.8.498.13069089042487422071899557609258061967.dcm,0,MRI T2,0
883789,1.2.826.0.1.3680043.8.498.85278054642281717241862499441350842782,1.2.826.0.1.3680043.8.498.12839631363980055129988662716112176176,/kaggle/input/rsna-intracranial-aneurysm-detection/series/1.2.826.0.1.3680043.8.498.85278054642281717241862499441350842782/1.2.826.0.1.3680043.8.498.12839631363980055129988662716112176176.dcm,0,MRA,0
883790,1.2.826.0.1.3680043.8.498.85281833106932834485846960333980303657,1.2.826.0.1.3680043.8.498.11912445330314968581900347687096073460,/kaggle/input/rsna-intracranial-aneurysm-detection/series/1.2.826.0.1.3680043.8.498.85281833106932834485846960333980303657/1.2.826.0.1.3680043.8.498.11912445330314968581900347687096073460.dcm,0,MRI T2,0
886128,1.2.826.0.1.3680043.8.498.85431182782929944864196573042506906105,1.2.826.0.1.3680043.8.498.40005642460583560985184258868773685751,/kaggle/input/rsna-intracranial-aneurysm-detection/series/1.2.826.0.1.3680043.8.498.85431182782929944864196573042506906105/1.2.826.0.1.3680043.8.498.40005642460583560985184258868773685751.dcm,0,MRI T2,0
888606,1.2.826.0.1.3680043.8.498.85694228896758469614431673786651945288,1.2.826.0.1.3680043.8.498.91036757171998421909918453110707423620,/kaggle/input/rsna-intracranial-aneurysm-detection/series/1.2.826.0.1.3680043.8.498.85694228896758469614431673786651945288/1.2.826.0.1.3680043.8.498.91036757171998421909918453110707423620.dcm,0,MRI T2,0
894330,1.2.826.0.1.3680043.8.498.86512773227884712415301051709532113639,1.2.826.0.1.3680043.8.498.25326047410407641509578547106864753344,/kaggle/input/rsna-intracranial-aneurysm-detection/series/1.2.826.0.1.3680043.8.498.86512773227884712415301051709532113639/1.2.826.0.1.3680043.8.498.25326047410407641509578547106864753344.dcm,0,MRI T2,0
894375,1.2.826.0.1.3680043.8.498.86563949235194319193710371327835426015,1.2.826.0.1.3680043.8.498.32092692088591720533230978931612656213,/kaggle/input/rsna-intracranial-aneurysm-detection/series/1.2.826.0.1.3680043.8.498.86563949235194319193710371327835426015/1.2.826.0.1.3680043.8.498.32092692088591720533230978931612656213.dcm,0,MRA,0
896476,1.2.826.0.1.3680043.8.498.86725229691108287025793354229862666092,1.2.826.0.1.3680043.8.498.57601304972963051085623880837863431046,/kaggle/input/rsna-intracranial-aneurysm-detection/series/1.2.826.0.1.3680043.8.498.86725229691108287025793354229862666092/1.2.826.0.1.3680043.8.498.57601304972963051085623880837863431046.dcm,0,MRA,0
903982,1.2.826.0.1.3680043.8.498.87415534962617655592879380686116198586,1.2.826.0.1.3680043.8.498.32596965389184756526475933748283667836,/kaggle/input/rsna-intracranial-aneurysm-detection/series/1.2.826.0.1.3680043.8.498.87415534962617655592879380686116198586/1.2.826.0.1.3680043.8.498.32596965389184756526475933748283667836.dcm,0,MRA,0
912726,1.2.826.0.1.3680043.8.498.88148749802953955210625390926159252791,1.2.826.0.1.3680043.8.498.83648645966526300265127539168693295884,/kaggle/input/rsna-intracranial-aneurysm-detection/series/1.2.826.0.1.3680043.8.498.88148749802953955210625390926159252791/1.2.826.0.1.3680043.8.498.83648645966526300265127539168693295884.dcm,0,MRA,0
913281,1.2.826.0.1.3680043.8.498.88190102090437377957465392819737296298,1.2.826.0.1.3680043.8.498.69303754502629402099958130995307237117,/kaggle/input/rsna-intracranial-aneurysm-detection/series/1.2.826.0.1.3680043.8.498.88190102090437377957465392819737296298/1.2.826.0.1.3680043.8.498.69303754502629402099958130995307237117.dcm,0,MRA,0
916042,1.2.826.0.1.3680043.8.498.88339634554367053656742978297774730360,1.2.826.0.1.3680043.8.498.75784198046792016055158409765017605478,/kaggle/input/rsna-intracranial-aneurysm-detection/series/1.2.826.0.1.3680043.8.498.88339634554367053656742978297774730360/1.2.826.0.1.3680043.8.498.75784198046792016055158409765017605478.dcm,0,MRI T2,0
922401,1.2.826.0.1.3680043.8.498.89161165910592362566025480906038259292,1.2.826.0.1.3680043.8.498.68704405477494525384030893315161749754,/kaggle/input/rsna-intracranial-aneurysm-detection/series/1.2.826.0.1.3680043.8.498.89161165910592362566025480906038259292/1.2.826.0.1.3680043.8.498.68704405477494525384030893315161749754.dcm,0,MRI T2,0
924513,1.2.826.0.1.3680043.8.498.89399936725560590354302713684700317416,1.2.826.0.1.3680043.8.498.81648340282691759600791909319303713466,/kaggle/input/rsna-intracranial-aneurysm-detection/series/1.2.826.0.1.3680043.8.498.89399936725560590354302713684700317416/1.2.826.0.1.3680043.8.498.81648340282691759600791909319303713466.dcm,0,MRI T2,0
961837,1.2.826.0.1.3680043.8.498.93156694293030030637766074579373694728,1.2.826.0.1.3680043.8.498.52426684845078613475957702055909524865,/kaggle/input/rsna-intracranial-aneurysm-detection/series/1.2.826.0.1.3680043.8.498.93156694293030030637766074579373694728/1.2.826.0.1.3680043.8.498.52426684845078613475957702055909524865.dcm,0,MRI T2,0
964812,1.2.826.0.1.3680043.8.498.93635458944153120706172403561410722816,1.2.826.0.1.3680043.8.498.45061378396968717258630145140456286933,/kaggle/input/rsna-intracranial-aneurysm-detection/series/1.2.826.0.1.3680043.8.498.93635458944153120706172403561410722816/1.2.826.0.1.3680043.8.498.45061378396968717258630145140456286933.dcm,0,MRA,0
972962,1.2.826.0.1.3680043.8.498.94686958559692948231153559430942350268,1.2.826.0.1.3680043.8.498.64203007996237200200736435871169733886,/kaggle/input/rsna-intracranial-aneurysm-detection/series/1.2.826.0.1.3680043.8.498.94686958559692948231153559430942350268/1.2.826.0.1.3680043.8.498.64203007996237200200736435871169733886.dcm,0,MRI T2,0
973278,1.2.826.0.1.3680043.8.498.94806573784272867399636516667815581014,1.2.826.0.1.3680043.8.498.81903001675026048454486544370622891991,/kaggle/input/rsna-intracranial-aneurysm-detection/series/1.2.826.0.1.3680043.8.498.94806573784272867399636516667815581014/1.2.826.0.1.3680043.8.498.81903001675026048454486544370622891991.dcm,0,MRI T2,0
986021,1.2.826.0.1.3680043.8.498.96888708055169169033615168655749838122,1.2.826.0.1.3680043.8.498.10000335928163064696263148773874851905,/kaggle/input/rsna-intracranial-aneurysm-detection/series/1.2.826.0.1.3680043.8.498.96888708055169169033615168655749838122/1.2.826.0.1.3680043.8.498.10000335928163064696263148773874851905.dcm,0,MRA,0
988669,1.2.826.0.1.3680043.8.498.97470500739064740955411389984430655612,1.2.826.0.1.3680043.8.498.46556528262978665747857917174811354244,/kaggle/input/rsna-intracranial-aneurysm-detection/series/1.2.826.0.1.3680043.8.498.97470500739064740955411389984430655612/1.2.826.0.1.3680043.8.498.46556528262978665747857917174811354244.dcm,0,MRI T2,0
989776,1.2.826.0.1.3680043.8.498.97635198311241688375511459614601007329,1.2.826.0.1.3680043.8.498.14292553490870049067444966750402685257,/kaggle/input/rsna-intracranial-aneurysm-detection/series/1.2.826.0.1.3680043.8.498.97635198311241688375511459614601007329/1.2.826.0.1.3680043.8.498.14292553490870049067444966750402685257.dcm,0,MRA,0
994353,1.2.826.0.1.3680043.8.498.98054390836991732395929841810306451976,1.2.826.0.1.3680043.8.498.12869456808399422523550387150798125886,/kaggle/input/rsna-intracranial-aneurysm-detection/series/1.2.826.0.1.3680043.8.498.98054390836991732395929841810306451976/1.2.826.0.1.3680043.8.498.12869456808399422523550387150798125886.dcm,0,MRI T2,0
996164,1.2.826.0.1.3680043.8.498.98343627843494947285364665589690940081,1.2.826.0.1.3680043.8.498.34695821360043025038038069742961901258,/kaggle/input/rsna-intracranial-aneurysm-detection/series/1.2.826.0.1.3680043.8.498.98343627843494947285364665589690940081/1.2.826.0.1.3680043.8.498.34695821360043025038038069742961901258.dcm,0,MRI T2,0
996421,1.2.826.0.1.3680043.8.498.98370721476634231483860319751962978020,1.2.826.0.1.3680043.8.498.11848646307227096309098631707821658208,/kaggle/input/rsna-intracranial-aneurysm-detection/series/1.2.826.0.1.3680043.8.498.98370721476634231483860319751962978020/1.2.826.0.1.3680043.8.498.11848646307227096309098631707821658208.dcm,0,MRA,0
997527,1.2.826.0.1.3680043.8.498.98489425059985205008734987012322394784,1.2.826.0.1.3680043.8.498.12700202699338280010179911764385084317,/kaggle/input/rsna-intracranial-aneurysm-detection/series/1.2.826.0.1.3680043.8.498.98489425059985205008734987012322394784/1.2.826.0.1.3680043.8.498.12700202699338280010179911764385084317.dcm,0,MRI T2,0
1003099,1.2.826.0.1.3680043.8.498.99007392295674293994688716823949375579,1.2.826.0.1.3680043.8.498.43760757023124519199447163853338392551,/kaggle/input/rsna-intracranial-aneurysm-detection/series/1.2.826.0.1.3680043.8.498.99007392295674293994688716823949375579/1.2.826.0.1.3680043.8.498.43760757023124519199447163853338392551.dcm,0,MRI T2,0
1003741,1.2.826.0.1.3680043.8.498.99076120249244346254207254525636249902,1.2.826.0.1.3680043.8.498.31143613460717379320741997030778819601,/kaggle/input/rsna-intracranial-aneurysm-detection/series/1.2.826.0.1.3680043.8.498.99076120249244346254207254525636249902/1.2.826.0.1.3680043.8.498.31143613460717379320741997030778819601.dcm,0,MRI T2,0
1003962,1.2.826.0.1.3680043.8.498.99143674930369135046178019559892326400,1.2.826.0.1.3680043.8.498.30749057104373923093900210786533079979,/kaggle/input/rsna-intracranial-aneurysm-detection/series/1.2.826.0.1.3680043.8.498.99143674930369135046178019559892326400/1.2.826.0.1.3680043.8.498.30749057104373923093900210786533079979.dcm,0,MRA,0
1012098,1.2.826.0.1.3680043.8.498.99982144859397209076137275088962041066,1.2.826.0.1.3680043.8.498.12855532092259934556152846024181666473,/kaggle/input/rsna-intracranial-aneurysm-detection/series/1.2.826.0.1.3680043.8.498.99982144859397209076137275088962041066/1.2.826.0.1.3680043.8.498.12855532092259934556152846024181666473.dcm,0,MRI T2,0
